"골목상권 번호","골목상권 명","엑스좌표 값","와이좌표 값","시군구 코드","행정동 코드","기준 년월 코드"
"12051","동일로203가길","205671","460042","11350","11350625","201506"
"12052","한천로_B","202225","460296","11305","11305630","201506"
"12053","덕릉로57길","203316","460091","11320","11320512","201506"
"12054","한천로140길","202506","460292","11305","11305630","201506"
"13517","목동동로8길","188661","446365","11470","11470630","201506"
"13518","학동로88길","204618","446525","11680","11680580","201506"
"12207","삼선교로_A","200740","454166","11290","11290555","201506"
"12208","동소문로_C","200785","454394","11290","11290555","201506"
"12210","용마산로_A","208653","454526","11260","11260575","201506"
"12211","증산로15길","192286","454338","11380","11380640","201506"
"12419","퇴계로87길_B","201885","451929","11140","11140670","201506"
"12420","천호대로_C","204722","451789","11200","11200790","201506"
"12422","능동로_B","207403","451498","11215","11215750","201506"
"12423","월드컵북로6길_A","193067","451311","11440","11440710","201506"
"12424","마장로","203809","451929","11200","11200540","201506"
"12427","무학로_B","202816","451676","11200","11200535","201506"
"12428","장한로_C","206027","451704","11230","11230650","201506"
"12429","월드컵로36길","191526","451775","11440","11440730","201506"
"12640","올림픽로98길","211492","450080","11740","11740570","201506"
"12641","상암로_C","211083","450084","11740","11740580","201506"
"12642","아차산로7길_B","204838","449876","11200","11200690","201506"
"12645","강서로45길_A","185335","449834","11500","11500560","201506"
"12649","독서당로_B","202111","449796","11200","11200620","201506"
"12774","천호대로170길_B","211746","448345","11740","11740650","201506"
"12776","자양로15길","207082","448430","11215","11215820","201506"
"12755","천호대로_K","212038","448283","11740","11740660","201506"
"12756","목동중앙서로","188044","448199","11470","11470540","201506"
"12757","곰달래로13길_A","185438","448151","11470","11470560","201506"
"12758","강서로16길","186589","448167","11500","11500593","201506"
"12759","강서로12길","186540","448103","11500","11500593","201506"
"12167","종암로_A","202965","455545","11290","11290705","201506"
"12168","중랑역로_E","206885","455391","11260","11260610","201506"
"12188","은평로_C","192428","455572","11380","11380631","201506"
"12192","동일로_R","207026","456141","11260","11260600","201506"
"12500","다산로_D","201133","450840","11140","11140645","201506"
"12501","면목로_N","206644","450876","11215","11215730","201506"
"12504","신촌역로","194789","451028","11410","11410585","201506"
"12505","월드컵로_F","191636","451162","11440","11440700","201506"
"12416","양천로57길","187049","451487","11500","11500604","201506"
"12418","무학로6길","203043","451755","11200","11200535","201506"
"12717","연무장1길","204586","449352","11200","11200690","201506"
"12718","아차산로11길","205286","449591","11200","11200690","201506"
"12719","도화길","195725","449096","11440","11440585","201506"
"12723","화곡로_J","185900","449247","11500","11500615","201506"
"12631","청파로47길_B","197071","449450","11170","11170555","201506"
"12632","올림픽로_F","211125","449798","11740","11740610","201506"
"12635","서울숲4길","203879","449719","11200","11200660","201506"
"12637","장터길_A","201767","449811","11200","11200620","201506"
"12639","구천면로100길","215162","450044","11740","11740520","201506"
"12042","덕릉로60길","203515","459835","11320","11320513","201506"
"12043","한천로143길","202095","460053","11305","11305630","201506"
"11965","상계로1길","205402","462112","11350","11350720","201506"
"11966","해등로_B","203391","462031","11320","11320670","201506"
"11969","한글비석로20길_B","206570","462395","11350","11350624","201506"
"11970","상계로27길","206231","462184","11350","11350670","201506"
"11971","덕릉로83길","206609","462254","11350","11350624","201506"
"11972","도봉로_B","203644","462671","11320","11320690","201506"
"11974","노원로34길","205847","462618","11350","11350670","201506"
"12199","갈현로_D","192016","455485","11380","11380631","201506"
"12201","종암로_D","202867","455690","11290","11290705","201506"
"12203","망우로_F","209044","455697","11260","11260655","201506"
"12204","은평로11길","193247","455783","11380","11380580","201506"
"12206","홍은중앙로","195429","455402","11410","11410640","201506"
"13136","구로동로42길","189782","444370","11530","11530530","201506"
"12474","공항대로45길","187105","450815","11500","11500520","201506"
"12810","풍성로25길","210706","448545","11710","11710510","201506"
"12811","성덕정길_D","204895","448662","11200","11200670","201506"
"12812","새창로14길","196380","448690","11170","11170590","201506"
"12813","양재대로_E","212573","448884","11740","11740685","201506"
"12814","가로공원로","185004","448454","11470","11470560","201506"
"12816","자양로18길","207772","448855","11215","11215850","201506"
"12817","뚝섬로23길","205603","448684","11215","11215847","201506"
"12819","천중로40길","212290","448880","11740","11740685","201506"
"13056","상도로_A","194434","444829","11590","11590540","201506"
"13058","상도로_B","194295","444702","11590","11590560","201506"
"13059","백제고분로_F","208019","444788","11710","11710610","201506"
"13061","여의대방로_A","192992","444865","11560","11560690","201506"
"13062","도신로4길","190828","444663","11560","11560720","201506"
"13063","백제고분로_G","207816","444903","11710","11710610","201506"
"12650","강서로45길_B","185462","449797","11500","11500560","201506"
"12653","상암로_D","212946","449835","11740","11740530","201506"
"13519","국사봉1길","193959","444353","11590","11590550","201506"
"13520","덕릉로_F","203280","459905","11320","11320512","201506"
"13523","뚝섬로_C","205737","448585","11215","11215840","201506"
"13525","사당로16길_B","197553","442550","11590","11590650","201506"
"13527","동호로_B","200757","450497","11140","11140625","201506"
"13528","도봉로169나길","203867","464086","11320","11320521","201506"
"13531","올림픽로12길","207303","445324","11710","11710650","201506"
"13532","마천로51길","213460","444246","11710","11710550","201506"
"12958","도산대로","203941","447027","11680","11680565","201506"
"12959","언주로_B","203010","447333","11680","11680545","201506"
"12960","강동대로53길","211745","447192","11740","11740660","201506"
"12964","영중로_C","191580","447226","11560","11560535","201506"
"12806","뚝섬로27길","205814","448736","11215","11215847","201506"
"12808","선유로47길","190741","448453","11560","11560620","201506"
"12809","천호대로187길","212597","448444","11740","11740685","201506"
"13039","논현로_B","202719","445576","11680","11680521","201506"
"13041","양재대로_J","211300","445702","11710","11710570","201506"
"13042","도신로60길","192636","445781","11560","11560630","201506"
"13044","주흥길","201729","444954","11650","11650560","201506"
"13045","백제고분로33길","208712","444897","11710","11710600","201506"
"13046","고척로40길","186804","444758","11530","11530730","201506"
"13048","역삼로_A","204907","444818","11680","11680630","201506"
"13049","백제고분로_D","208240","444929","11710","11710610","201506"
"13050","백제고분로_E","207608","444921","11710","11710650","201506"
"13052","새말로_A","189748","444680","11530","11530560","201506"
"13053","경인로47길_A","188014","444764","11530","11530720","201506"
"13290","구로동로28길_A","190311","443597","11530","11530550","201506"
"13291","오류로8길_C","186093","443601","11530","11530780","201506"
"13294","동남로18길_B","211972","443796","11710","11710632","201506"
"13296","디지털로53길","191170","443540","11560","11560710","201506"
"13300","구로동로28길_B","189857","443484","11530","11530530","201506"
"13301","구로동로22길","189922","443357","11530","11530550","201506"
"13533","종암로22길","203174","455628","11290","11290705","201506"
"13534","까치산로_B","186954","450277","11500","11500591","201506"
"13537","오목로_G","187661","447279","11470","11470650","201506"
"13538","봉은사로_C","203642","445683","11680","11680531","201506"
"12991","선릉로132길","203743","446554","11680","11680565","201506"
"13491","시흥대로_J","191296","438906","11545","11545670","201506"
"13065","대림로_A","190968","444742","11560","11560720","201506"
"13067","상도로15길","194139","444779","11590","11590550","201506"
"13303","남부순환로333길","201809","442706","11650","11650510","201506"
"13305","서초대로24길","199415","442851","11650","11650600","201506"
"13307","사당로_B","197504","442844","11590","11590640","201506"
"13308","행운1길","196196","442810","11620","11620575","201506"
"13309","남부순환로_C","192903","442678","11620","11620685","201506"
"13115","사평대로55길","201796","445364","11650","11650560","201506"
"13116","새말로16길","190317","444992","11530","11530560","201506"
"13118","서래로_A","199759","444314","11650","11650581","201506"
"13119","상도로_J","195894","444193","11590","11590530","201506"
"13120","동남로_A","212197","444541","11710","11710570","201506"
"13121","삼성로63길","205238","444521","11680","11680630","201506"
"13123","여의대방로_C","192978","444255","11590","11590680","201506"
"13124","보라매로_A","193538","444275","11590","11590680","201506"
"13125","서래로_B","199941","444211","11650","11650581","201506"
"13126","가락로12길","209316","444509","11710","11710600","201506"
"13128","송이로_A","210563","444331","11710","11710620","201506"
"13130","도곡로_A","205739","444489","11680","11680610","201506"
"13465","대학길","194420","440928","11620","11620735","201506"
"13466","논현로11길","204119","441541","11650","11650652","201506"
"13367","방배천로6길","198593","442249","11650","11650610","201506"
"13414","우마길","190126","442591","11530","11530595","201506"
"13415","난우길","192824","441753","11620","11620765","201506"
"13418","논현로10길","204401","441689","11680","11680690","201506"
"13419","독산로85길","191315","441453","11545","11545630","201506"
"13310","사당로_C","197259","442830","11590","11590651","201506"
"13311","난곡로_A","192451","442711","11620","11620685","201506"
"13314","관악로_A","195934","442757","11620","11620615","201506"
"13315","사당로16가길_A","197410","442722","11590","11590650","201506"
"13467","독산로75길","191292","441087","11545","11545640","201506"
"13096","언주로107길","203276","445273","11680","11680640","201506"
"13616","삼선교로10길","200891","454213","11290","11290555","201506"
"13634","신원로3가길","193566","442413","11620","11620655","201506"
"13644","천호대로83길","205761","451715","11230","11230650","201506"
"13645","장한로_D","205994","452017","11230","11230650","201506"
"13646","답십리로66길","205824","452131","11230","11230650","201506"
"13647","답십리로_C","206031","452501","11230","11230650","201506"
"13648","장한로21길","206014","452340","11230","11230650","201506"
"13649","율곡로14길","200373","452809","11110","11110630","201506"
"13650","통일로69길","193561","456889","11380","11380570","201506"
"12823","동일로18길","206006","448740","11215","11215847","201506"
"12824","남부순환로_B","184748","448434","11470","11470580","201506"
"12825","남부순환로40길","184810","448330","11470","11470580","201506"
"12826","성안로_A","212043","448726","11740","11740685","201506"
"12739","이태원로_A","199062","448380","11170","11170650","201506"
"12742","월정로_A","185733","448018","11500","11500540","201506"
"12743","천호대로170길_A","211624","448030","11740","11740650","201506"
"12744","천호대로_J","212645","448202","11740","11740700","201506"
"13069","고척로_B","186710","444911","11530","11530730","201506"
"13070","경인로35길","186900","444769","11530","11530730","201506"
"13072","경인로47길_B","188169","444593","11530","11530720","201506"
"13073","구로중앙로28길","190069","444573","11530","11530560","201506"
"13074","상도로_D","194367","444956","11590","11590540","201506"
"12979","삼성로115길","204381","446121","11680","11680590","201506"
"12981","신목로5길","188761","446531","11470","11470630","201506"
"13316","도구로","198816","443053","11650","11650621","201506"
"13317","도림로_F","189965","442980","11530","11530550","201506"
"13321","논현로28길","204054","442807","11680","11680656","201506"
"13323","구로동로_E","190036","442804","11530","11530595","201506"
"13459","독산로64길","191422","440643","11545","11545620","201506"
"13461","강남대로8길","203802","440946","11650","11650652","201506"
"13462","강남대로10길","203654","440954","11650","11650652","201506"
"13463","시흥대로_H","191002","440622","11545","11545620","201506"
"12745","등촌로_C","188067","447994","11470","11470540","201506"
"12746","곰달래로_A","185563","447905","11470","11470560","201506"
"12747","등촌로_D","188020","448366","11470","11470540","201506"
"12751","자양로13길","207082","448208","11215","11215820","201506"
"12752","양평로_D","191439","448316","11560","11560560","201506"
"12753","강서로_H","186386","448281","11500","11500593","201506"
"12875","자양로_C","207398","448094","11215","11215820","201506"
"13014","경인로59길","189678","445212","11530","11530510","201506"
"13015","강남대로122길","202430","445505","11680","11680521","201506"
"13018","백제고분로_B","207102","445353","11710","11710650","201506"
"13020","봉은사로_A","203815","445526","11680","11680640","201506"
"13022","현충로","196893","445319","11590","11590605","201506"
"13023","백제고분로_C","209831","445606","11710","11710580","201506"
"13088","석촌호수로_E","208685","445098","11710","11710600","201506"
"13089","송파대로49길","208840","445173","11710","11710600","201506"
"13198","거마로_C","212753","443914","11710","11710531","201506"
"13281","구로동로26길_A","190343","443372","11530","11530550","201506"
"13334","언주로30길_C","204560","443178","11680","11680656","201506"
"13335","반포대로_B","200834","443079","11650","11650530","201506"
"13336","방배로_D","199632","442920","11650","11650600","201506"
"13337","신림동7길","193522","442953","11620","11620695","201506"
"13339","동남로4길_B","210930","443199","11710","11710641","201506"
"13340","봉천로6길","193526","443156","11620","11620695","201506"
"13341","송이로31길","211735","443157","11710","11710646","201506"
"13343","개포로82길","205927","443259","11680","11680670","201506"
"13507","길음로_B","202050","456056","11290","11290660","201506"
"13651","도봉로152가길","204026","464019","11320","11320522","201506"
"11962","상계로","205751","461973","11350","11350640","201506"
"12962","버드나루로_B","192230","447010","11560","11560535","201506"
"13127","가락로_D","208832","444467","11710","11710600","201506"
"13258","언주로30길_A","204863","443400","11680","11680656","201506"
"13397","남부순환로_M","192303","442520","11620","11620725","201506"
"12425","용마산로_D","207738","451620","11215","11215770","201506"
"13562","고산자로34길","203520","453017","11230","11230536","201506"
"12877","진황도로","212437","448045","11740","11740700","201506"
"12878","당산로37길","190953","447835","11560","11560560","201506"
"12879","독서당로_E","200501","448020","11170","11170685","201506"
"12881","월정로_C","185858","447742","11500","11500540","201506"
"12883","압구정로29길_B","202386","448056","11680","11680545","201506"
"12884","강서로5나길","186477","447686","11500","11500540","201506"
"12885","자양로5길","207475","447960","11215","11215830","201506"
"12887","뚝섬로_B","207188","447956","11215","11215830","201506"
"12945","버드나루로_A","192129","446828","11560","11560535","201506"
"12946","삼성로_B","204336","446960","11680","11680565","201506"
"13182","백제고분로34길","208693","444651","11710","11710600","201506"
"13183","백제고분로_J","208498","444691","11710","11710610","201506"
"13184","송이로17길","211112","444590","11710","11710620","201506"
"13185","구로중앙로14길","190440","443769","11530","11530550","201506"
"13186","개봉로17길","187125","443664","11530","11530750","201506"
"13187","동남로18길_A","211669","443885","11710","11710632","201506"
"13188","오금로_A","212603","443916","11710","11710531","201506"
"13189","부일로15길","185322","443814","11530","11530790","201506"
"13190","언주로_D","203952","443973","11680","11680650","201506"
"13192","오금로46길_A","211868","443899","11710","11710632","201506"
"13194","도곡로_C","203701","443823","11680","11680650","201506"
"13195","도림로_B","190893","443614","11560","11560710","201506"
"13420","마방로6길","203758","441713","11650","11650652","201506"
"13421","난곡로_F","192531","441832","11620","11620765","201506"
"13422","남부순환로248길","196993","441585","11620","11620625","201506"
"13423","난곡로_G","192891","441480","11620","11620775","201506"
"13424","시흥대로148길","191284","441671","11545","11545630","201506"
"13437","남부순환로_Q","198108","441818","11620","11620630","201506"
"13438","남현길","197911","441817","11620","11620630","201506"
"13500","금하로_C","191056","439541","11545","11545670","201506"
"13503","시흥대로_M","191551","438116","11545","11545690","201506"
"13505","화랑로11길","203665","455963","11290","11290725","201506"
"13506","화곡로_L","185536","449141","11500","11500560","201506"
"13578","아차산로_H","207237","448550","11215","11215820","201506"
"12215","통일로_E","195136","454182","11410","11410620","201506"
"13606","통일로_N","193287","457553","11380","11380530","201506"
"13608","양재천로19길","203343","441878","11650","11650651","201506"
"13609","돌곶이로","205227","456722","11290","11290810","201506"
"13610","다산로_G","201056","450689","11140","11140645","201506"
"13611","방배로_F","199943","442330","11650","11650620","201506"
"13613","백제고분로42길","209795","445046","11710","11710580","201506"
"13614","백제고분로39길","209206","445231","11710","11710600","201506"
"13012","백제고분로46길_A","209946","445458","11710","11710580","201506"
"13508","동숭길","200441","453528","11110","11110640","201506"
"13509","거북골로_C","193307","453218","11410","11410700","201506"
"13510","신촌로_E","195346","450848","11410","11410585","201506"
"13512","조원로_B","192578","442920","11620","11620685","201506"
"13513","동일로217가길","205181","461536","11350","11350695","201506"
"13514","영동대로112길","205436","446205","11680","11680580","201506"
"13515","효령로_C","202418","443106","11650","11650520","201506"
"13568","천중로","212684","449125","11740","11740685","201506"
"13572","논현로18길","204155","442010","11680","11680690","201506"
"13615","응암로13길_B","192626","454464","11380","11380600","201506"
"13617","능동로13길","206150","449448","11215","11215710","201506"
"13028","봉은사로_B","204429","445964","11680","11680590","201506"
"13029","올림픽로32길","209909","446008","11710","11710562","201506"
"13034","목동남로4길_A","188185","445549","11470","11470680","201506"
"13035","만양로","195230","445741","11590","11590510","201506"
"13036","목동남로4길_B","188102","445449","11470","11470680","201506"
"13025","봉은사로68길","204636","445588","11680","11680590","201506"
"13362","쑥고개로_A","195412","442249","11620","11620595","201506"
"13267","동남로6길_A","211023","443392","11710","11710641","201506"
"13268","보라매로_C","193659","443412","11620","11620525","201506"
"13269","동작대로29나길","198338","443343","11590","11590630","201506"
"13270","일원로","207270","443375","11680","11680730","201506"
"13272","시흥대로_B","191858","443348","11590","11590670","201506"
"13273","동광로_A","199054","443558","11650","11650621","201506"
"13274","오금로_C","212991","443791","11710","11710532","201506"
"13275","시흥대로_C","191836","443568","11560","11560700","201506"
"13276","당곡길","193687","443530","11620","11620525","201506"
"13277","일원로3길","207298","443518","11680","11680730","201506"
"13278","구로동로_D","189696","443442","11530","11530530","201506"
"13431","관악로14길","196080","442091","11620","11620585","201506"
"13432","동작대로7길","198158","442181","11590","11590620","201506"
"13435","양재천로","203521","441986","11650","11650651","201506"
"13619","방학로_B","202845","462555","11320","11320700","201506"
"13620","동일로22길","205790","449240","11215","11215710","201506"
"13622","서초중앙로22길","201731","443880","11650","11650510","201506"
"13624","곰달래로13길_C","185382","448267","11470","11470560","201506"
"13626","구로중앙로_B","190196","443826","11530","11530530","201506"
"13629","중앙로_F","186936","446635","11470","11470640","201506"
"13091","공원로8길","190358","444843","11530","11530560","201506"
"13094","백제고분로18길","207405","445002","11710","11710650","201506"
"13095","백제고분로41길_B","209613","445368","11710","11710580","201506"
"13099","석촌호수로_F","208369","445161","11710","11710610","201506"
"13100","백제고분로_H","207242","445067","11710","11710650","201506"
"13101","백제고분로46길_B","210124","445384","11710","11710580","201506"
"13103","가락로28길","210362","445260","11710","11710590","201506"
"13104","마천로_A","211406","445245","11710","11710570","201506"
"13105","여의대방로_B","193223","444991","11590","11590660","201506"
"13107","석촌호수로_H","209026","445202","11710","11710600","201506"
"13108","논현로_C","203162","445125","11680","11680640","201506"
"13109","백제고분로_I","207047","445110","11710","11710650","201506"
"13348","개봉로3길_C","187209","442957","11530","11530760","201506"
"13351","동남로6길_B","211126","443251","11710","11710641","201506"
"13353","개봉로11길","187147","443143","11530","11530760","201506"
"13354","방배로27길","199118","443285","11650","11650621","201506"
"13355","바우뫼로37길","203416","442344","11650","11650651","201506"
"13357","새말로8길","211197","442405","11710","11710646","201506"
"13359","남부순환로_E","196347","442245","11620","11620575","201506"
"13360","남부순환로_F","191669","442223","11545","11545630","201506"
"13361","바우뫼로_A","203722","442281","11650","11650651","201506"
"13573","송이로_C","210729","444267","11710","11710620","201506"
"13577","개운사길_B","202622","454267","11290","11290600","201506"
"13425","시흥대로138길","191084","441462","11545","11545630","201506"
"13426","난곡로_H","192722","441542","11620","11620775","201506"
"13427","법원단지길","192875","441602","11620","11620775","201506"
"13428","가산로3길","190463","441374","11545","11545610","201506"
"13429","인헌길","197117","441741","11620","11620625","201506"
"13430","낙성대역길","196670","441809","11620","11620625","201506"
"13635","곰달래로_E","187649","448227","11500","11500570","201506"
"13638","백제고분로48길","210181","445613","11710","11710562","201506"
"13639","백제고분로_L","210222","445993","11710","11710562","201506"
"13640","백제고분로50길","210467","445901","11710","11710562","201506"
"13110","장승배기로10길","194741","444963","11590","11590540","201506"
"13027","언주로125길","203008","445856","11680","11680531","201506"
"13149","역삼로_C","203719","444319","11680","11680650","201506"
"13152","삼성로64길","205705","444761","11680","11680610","201506"
"13153","오금로36길_B","210974","444696","11710","11710620","201506"
"13154","백제고분로32길","208400","444601","11710","11710610","201506"
"13155","사평대로","199919","444456","11650","11650581","201506"
"13156","송파대로37길","209544","444585","11710","11710600","201506"
"13157","성대로1길","194112","444527","11590","11590560","201506"
"13158","경서로","187245","444323","11530","11530740","201506"
"13159","대림로_C","190937","444302","11560","11560720","201506"
"13160","백제고분로22길","207738","444689","11710","11710610","201506"
"13395","반포대로_C","200997","442543","11650","11650530","201506"
"13396","사당로16길_A","197685","442604","11590","11590650","201506"
"13401","봉천로_C","194872","442698","11620","11620605","201506"
"13403","남부순환로161가길","192639","442737","11620","11620685","201506"
"13404","사당로16가길_B","197569","442670","11590","11590650","201506"
"13407","사당로_E","197925","442732","11590","11590640","201506"
"12915","영등포로_B","191099","446884","11560","11560550","201506"
"13373","쑥고개로11길","194805","442447","11620","11620595","201506"
"13375","조원로2길","191561","442502","11620","11620725","201506"
"13376","사당로30길","198286","442608","11590","11590620","201506"
"13377","조원중앙로2길","192022","442564","11620","11620725","201506"
"13378","송이로36길","211233","442707","11710","11710646","201506"
"13379","방배천로16길","198541","442501","11650","11650610","201506"
"13641","가락로_F","210661","445821","11710","11710561","201506"
"13642","양재대로71길","211099","445810","11710","11710561","201506"
"13643","위례성대로18길","211039","445614","11710","11710561","201506"
"13026","논현로_A","203023","445646","11680","11680531","201506"
"13076","백제고분로15길","207557","445321","11710","11710650","201506"
"13078","오금로31길_B","210650","445274","11710","11710561","201506"
"13079","서달로10길","196640","445155","11590","11590605","201506"
"13081","석촌호수로_C","208214","445168","11710","11710610","201506"
"13082","오금로31길_C","210803","445351","11710","11710561","201506"
"13083","경인로47길_C","187902","444892","11530","11530720","201506"
"13084","삼학사로_A","208504","445094","11710","11710610","201506"
"13086","신길로_B","192004","445210","11560","11560650","201506"
"13087","상도로_F","194515","445083","11590","11590540","201506"
"12891","영신로40길","191426","446955","11560","11560535","201506"
"12892","중앙로32길_A","187754","446842","11470","11470620","201506"
"13132","보라매로_B","193711","444228","11590","11590680","201506"
"13133","상도로37길","195806","444316","11590","11590530","201506"
"13134","상도로_K","195748","444459","11590","11590530","201506"
"13137","구로동로_A","189672","444345","11530","11530530","201506"
"13139","여의대방로24길","193067","444380","11590","11590660","201506"
"13140","대림로_B","191085","444381","11560","11560720","201506"
"13145","가락로_E","209189","444596","11710","11710600","201506"
"13146","여의대방로22길","193316","444356","11590","11590660","201506"
"13147","거마로_A","213082","444384","11710","11710550","201506"
"13380","시흥대로_E","191280","442436","11620","11620725","201506"
"13381","서부샛길","189056","442526","11545","11545510","201506"
"13382","논현로26길","203957","442624","11680","11680656","201506"
"13383","논현로_D","203655","442679","11650","11650651","201506"
"13384","남부순환로_K","192510","442551","11620","11620685","201506"
"13385","강남대로30길","203468","442542","11650","11650651","201506"
"13386","선릉로_D","205404","442696","11680","11680670","201506"
"13387","디지털로_B","190247","442389","11530","11530595","201506"
"13389","신원로3길","193459","442574","11620","11620655","201506"
"13390","난곡로_D","192315","442691","11620","11620725","201506"
"13391","새말로17길","211543","442935","11710","11710646","201506"
"12893","목동동로10길","188603","446622","11470","11470630","201506"
"12896","강남대로107길","201592","446592","11650","11650540","201506"
"12899","영등포로18길","190348","446889","11560","11560610","201506"
"12900","이촌로75길","197758","446766","11170","11170630","201506"
"12901","신월로_A","186029","446658","11470","11470590","201506"
"12902","중앙로32길_B","187547","446721","11470","11470620","201506"
"12903","영등포로_A","190875","446915","11560","11560550","201506"
"12904","삼성로_A","204222","446962","11680","11680565","201506"
"12906","압구정로4길","201760","446869","11680","11680510","201506"
"12908","신월로_B","186160","446563","11470","11470610","201506"
"12909","중앙로_A","187026","446777","11470","11470640","201506"
"12911","중앙로_B","186880","446817","11470","11470640","201506"
"13148","오금로36길_A","210787","444408","11710","11710620","201506"
"12917","중앙로32길_C","187652","446752","11470","11470620","201506"
"12919","학동로_A","205163","446960","11680","11680565","201506"
"12924","지양로_A","185433","446886","11470","11470611","201506"
"12925","영등포로25길","191104","447025","11560","11560550","201506"
"12926","영등포로_C","190151","447076","11560","11560610","201506"
"12929","영중로24길","191851","446919","11560","11560535","201506"
"12930","당산로_B","190862","447057","11560","11560550","201506"
"13162","상도로_L","195583","444732","11590","11590530","201506"
"13163","서초중앙로29길","200908","444478","11650","11650581","201506"
"12994","언주로147길","202803","446652","11680","11680531","201506"
"12995","삼성로_D","204437","446765","11680","11680565","201506"
"12996","선릉로_B","203419","446629","11680","11680531","201506"
"12998","중앙로_E","187014","446455","11470","11470640","201506"
"12999","올림픽로33길","209382","446500","11710","11710690","201506"
"13237","방배중앙로25길","198613","443823","11650","11650590","201506"
"13238","남부순환로97길","187465","443864","11530","11530750","201506"
"13239","마천로45길","213338","444397","11710","11710550","201506"
"13257","봉천로_A","193836","443279","11620","11620525","201506"
"13259","언주로30길_B","204724","443254","11680","11680656","201506"
"13260","방배로_B","199398","443366","11650","11650621","201506"
"13261","구로동로_C","189901","443161","11530","11530550","201506"
"13264","일원로9길","207449","443424","11680","11680730","201506"
"13265","대림로_F","191422","443370","11560","11560710","201506"
"13439","신림로_A","194440","441750","11620","11620665","201506"
"13440","방배로_E","200044","442068","11650","11650620","201506"
"13483","호암로26길","194354","441219","11620","11620735","201506"
"13484","독산로_D","191559","439900","11545","11545670","201506"
"13486","독산로39길","191401","439825","11545","11545670","201506"
"13487","시흥대로62길","191356","439675","11545","11545670","201506"
"13488","독산로_E","191654","440011","11545","11545700","201506"
"13489","독산로_F","191320","440551","11545","11545620","201506"
"13168","역삼로_D","204887","444612","11680","11680630","201506"
"13169","언주로_C","203645","444487","11680","11680650","201506"
"13170","신반포로_C","198756","444715","11650","11650550","201506"
"13171","삼성로_F","205324","444643","11680","11680610","201506"
"13173","신반포로3길","198836","444747","11650","11650550","201506"
"13174","백제고분로40길","209407","444852","11710","11710600","201506"
"13175","중앙로6길","188096","444474","11530","11530720","201506"
"13176","공원로","190229","444579","11530","11530560","201506"
"13410","남부순환로_O","203462","442778","11650","11650651","201506"
"13411","반포대로_D","201162","442590","11650","11650530","201506"
"13413","조원로16길","192168","442562","11620","11620725","201506"
"13539","동남로_F","210829","443252","11710","11710641","201506"
"13540","논현로5길","204276","441463","11650","11650652","201506"
"13541","긴고랑로11길","207227","451627","11215","11215740","201506"
"13542","상일로_D","215190","449810","11740","11740520","201506"
"13543","한글비석로24길","206343","462524","11350","11350670","201506"
"13544","고척로30길","186684","444653","11530","11530740","201506"
"13545","성수일로","204231","449651","11200","11200660","201506"
"12933","버드나루로7길","192030","447040","11560","11560535","201506"
"12934","목동동로12길_A","188846","447002","11470","11470630","201506"
"12935","지양로_B","185205","446908","11470","11470611","201506"
"12936","목동동로12길_B","188881","447105","11470","11470510","201506"
"12937","지양로_C","185292","447127","11470","11470611","201506"
"12938","영등포로_D","190001","447190","11560","11560610","201506"
"12939","양재대로81길","211534","447183","11740","11740660","201506"
"12941","성안로_E","211374","447277","11740","11740640","201506"
"12943","신월로_E","187337","446964","11470","11470650","201506"
"13177","가마산로_A","191077","444565","11560","11560720","201506"
"13180","삼학사로_B","208508","444875","11710","11710610","201506"
"13328","개봉로3길_A","187032","443066","11530","11530760","201506"
"13329","개봉로3길_B","187054","442865","11530","11530760","201506"
"13330","동남로4길_A","211065","443075","11710","11710641","201506"
"12056","덕릉로_E","203443","460087","11320","11320512","201506"
"12058","석계로_A","205356","458033","11350","11350560","201506"
"12350","종로_C","201713","452829","11110","11110710","201506"
"12351","방화동로_B","183510","452281","11500","11500630","201506"
"12352","답십리로_B","206591","452551","11230","11230660","201506"
"12354","양천로_B","183451","452591","11500","11500630","201506"
"12355","면목로_K","207519","452985","11260","11260540","201506"
"12357","숭인동길","201975","452969","11110","11110710","201506"
"12358","월드컵북로44길_A","190979","452919","11440","11440740","201506"
"12361","금낭화로_D","183197","452705","11500","11500630","201506"
"12363","사가정로_D","205246","453186","11230","11230570","201506"
"12268","아리랑로_B","201468","455096","11290","11290575","201506"
"12572","양화로_A","192526","450260","11440","11440660","201506"
"12576","강서로_E","185617","450406","11500","11500615","201506"
"12577","서강로9길","194051","450515","11440","11440660","201506"
"12578","와우산로_C","193635","450505","11440","11440660","201506"
"12579","잔다리로","192630","450401","11440","11440660","201506"
"12580","후암로_C","197792","450412","11170","11170530","201506"
"12581","공항대로_G","187892","450379","11500","11500520","201506"
"12582","금호산길","201726","450520","11200","11200615","201506"
"12583","자양로43길","207984","450458","11215","11215770","201506"
"12584","고덕로_B","212095","450694","11740","11740590","201506"
"12585","무수막길","201799","450440","11200","11200615","201506"
"12854","올림픽로45길","210212","447632","11710","11710520","201506"
"12856","신정중앙로_A","187853","447551","11470","11470650","201506"
"12857","성안로3길","211056","447583","11740","11740640","201506"
"12780","곰달래로_C","187795","447982","11500","11500570","201506"
"12781","양평로_F","190837","448545","11560","11560620","201506"
"12784","원효로_B","196205","448343","11170","11170570","201506"
"12789","가로공원로80길","185917","448270","11500","11500540","201506"
"12792","천호옛길","211084","448581","11740","11740650","201506"
"12793","명일로_C","212955","448659","11740","11740685","201506"
"12110","보국문로_A","200817","456948","11290","11290650","201506"
"12111","석계로1길","205617","457357","11350","11350560","201506"
"12113","통일로73길","193227","457302","11380","11380570","201506"
"12114","연서로26길","192969","457481","11380","11380570","201506"
"12116","도봉로10다길","202794","457283","11305","11305545","201506"
"12118","통일로_C","193144","457461","11380","11380570","201506"
"12269","아리랑로_C","201374","454868","11290","11290575","201506"
"12798","성덕정길_B","204425","448741","11200","11200650","201506"
"12799","양재대로116길","212607","448703","11740","11740685","201506"
"12800","가로공원로76길_A","185650","448493","11500","11500540","201506"
"12801","이태원로_D","199949","448634","11170","11170685","201506"
"12802","새창로_A","196646","448598","11170","11170560","201506"
"12804","효창원로42길","196468","448601","11170","11170590","201506"
"12805","성덕정길_C","204698","448677","11200","11200670","201506"
"12834","양재대로96길","212253","447823","11740","11740700","201506"
"12835","올림픽로47길","210407","447593","11710","11710520","201506"
"12076","동일로_N","206378","458341","11350","11350595","201506"
"12077","도봉로50길","202431","458480","11305","11305535","201506"
"12309","약령중앙로_B","203341","453620","11230","11230545","201506"
"12310","면목로_I","207700","453425","11260","11260570","201506"
"12311","자하문로_B","197343","453473","11110","11110515","201506"
"12313","면목로55길","207689","453854","11260","11260575","201506"
"12314","삼청로","198300","453693","11110","11110540","201506"
"12366","자하문로7길","197435","453231","11110","11110515","201506"
"12368","월드컵북로44길_B","190612","453059","11440","11440740","201506"
"12461","천호대로_E","207353","450776","11215","11215750","201506"
"12462","월드컵로_B","192171","450692","11440","11440660","201506"
"12463","영화사로_A","207968","450746","11215","11215770","201506"
"12464","신촌로_A","194798","450682","11440","11440600","201506"
"12465","용마산로_E","207687","450905","11215","11215750","201506"
"12470","화곡로_A","186851","450632","11500","11500591","201506"
"12471","와우산로_A","193959","450679","11440","11440660","201506"
"12473","와우산로29길","193769","450709","11440","11440660","201506"
"12680","장터길_C","201658","449908","11200","11200615","201506"
"12681","강서로_G","185502","449658","11500","11500560","201506"
"12684","동남로65길","213696","449840","11740","11740540","201506"
"12685","천호대로_I","210798","448901","11740","11740610","201506"
"12079","도봉로_P","202312","458408","11305","11305535","201506"
"12081","솔매로","202162","458377","11305","11305535","201506"
"12084","동일로197길","206216","458764","11350","11350595","201506"
"12085","도봉로_Q","202147","458594","11305","11305535","201506"
"12086","동일로192길","206557","458419","11350","11350595","201506"
"12131","화랑로13길","203774","456169","11290","11290725","201506"
"12134","중랑역로_C","206740","456351","11260","11260630","201506"
"12135","봉화산로56길","208647","456342","11260","11260680","201506"
"12334","양천로_A","183120","452534","11500","11500640","201506"
"12335","강서로_A","185956","452314","11500","11500603","201506"
"12336","종로51길","201043","452614","11110","11110670","201506"
"12232","보문로_D","201717","454140","11290","11290610","201506"
"12233","가좌로","192491","454547","11380","11380600","201506"
"12234","동소문로_E","200847","454586","11290","11290555","201506"
"12236","동소문로_F","200975","454529","11290","11290555","201506"
"12300","면목로_H","207890","453858","11260","11260565","201506"
"12301","응암로_C","192271","453421","11410","11410720","201506"
"12629","","206010","449612","11215","11215710","201506"
"12630","청파로_E","197339","449555","11170","11170555","201506"
"12558","고덕로10길","211490","450330","11740","11740570","201506"
"12561","목동중앙북로7길","188305","449913","11470","11470530","201506"
"12563","월드컵로1길","192145","449981","11440","11440680","201506"
"12564","올림픽로_D","211345","450159","11740","11740570","201506"
"12457","통일로_L","196659","452192","11410","11410520","201506"
"12458","마장로5길","201662","452160","11140","11140670","201506"
"12459","고산길","195130","450607","11440","11440600","201506"
"12460","퇴계로12길","198414","450755","11140","11140540","201506"
"12840","양산로_A","190580","447375","11560","11560550","201506"
"12842","오목로_B","187875","447304","11470","11470650","201506"
"12844","성안로_C","211669","447596","11740","11740660","201506"
"12846","성내로6길","210829","447675","11740","11740640","201506"
"12847","토성로","210364","447774","11710","11710520","201506"
"12678","등촌로_B","188007","449712","11470","11470530","201506"
"12679","목동중앙북로16길","188770","449546","11470","11470520","201506"
"12139","오패산로","203467","455999","11290","11290725","201506"
"12140","길음로_A","202117","456142","11290","11290660","201506"
"12142","정릉로26길","201081","455986","11290","11290630","201506"
"12143","화랑로_C","203863","456091","11290","11290725","201506"
"12144","중랑역로_D","206769","455961","11260","11260610","201506"
"12145","길음로7길","202003","455979","11290","11290660","201506"
"12146","신내로14길","208510","456260","11260","11260680","201506"
"12147","정릉로_A","202764","455973","11290","11290705","201506"
"12303","금낭화로_B","183492","453105","11500","11500641","201506"
"12306","홍릉로5길","203744","453621","11230","11230545","201506"
"12159","불광로_B","193462","456650","11380","11380570","201506"
"12161","평창11길","196978","456277","11110","11110560","201506"
"12165","용마산로115길_A","208301","455356","11260","11260655","201506"
"12166","망우로_A","208632","455472","11260","11260655","201506"
"12382","한천로_D","205217","451777","11230","11230610","201506"
"12383","면목로_L","207237","451793","11215","11215760","201506"
"12384","왕십리로_A","202869","451551","11200","11200535","201506"
"12385","다산로_A","201314","451517","11140","11140615","201506"
"12387","다산로_B","201365","451680","11140","11140615","201506"
"12492","연세로2길","194829","450875","11410","11410585","201506"
"12496","상일로_A","215027","451106","11740","11740560","201506"
"12604","화곡로_C","186079","449418","11500","11500615","201506"
"12606","왕십리로_E","204025","449608","11200","11200650","201506"
"12607","올림픽로_E","211245","449683","11740","11740610","201506"
"12609","구천면로41길","211751","449683","11740","11740610","201506"
"12686","성덕정길_A","204291","448865","11200","11200650","201506"
"12688","양평로_A","190463","448752","11560","11560620","201506"
"12689","마포대로4길","195286","448711","11440","11440585","201506"
"12690","양평로22길","190592","448822","11560","11560620","201506"
"12692","구의로","208089","448949","11215","11215870","201506"
"12694","양평로_B","190720","448735","11560","11560620","201506"
"12695","양평로_C","190897","448660","11560","11560620","201506"
"12149","평창문화로","197230","456422","11110","11110560","201506"
"12154","보국문로11길","200759","456638","11290","11290640","201506"
"12088","도봉로_R","202421","458384","11305","11305535","201506"
"12090","월계로_A","202903","456832","11305","11305545","201506"
"12369","사가정로50길","207497","453223","11260","11260570","201506"
"12370","고산자로31길","203304","453032","11230","11230536","201506"
"12372","매봉산로2길","190727","453173","11440","11440740","201506"
"12373","전농로17길","204965","453242","11230","11230560","201506"
"12374","한천로_C","206143","453124","11230","11230660","201506"
"12375","한천로33길","205955","453134","11230","11230660","201506"
"12376","증가로_B","193216","453040","11410","11410700","201506"
"12377","전농로_A","205118","453266","11230","11230570","201506"
"12378","면목로39길","207594","453372","11260","11260570","201506"
"12379","대학로","200130","453223","11110","11110640","201506"
"12381","천호대로_A","204578","451900","11200","11200790","201506"
"12539","다산로_F","201212","451042","11140","11140645","201506"
"12543","다산로29길","201168","451276","11140","11140615","201506"
"12544","왕십리로21길","202849","451283","11200","11200520","201506"
"12545","등촌로_A","187858","449801","11500","11500530","201506"
"12548","까치산로_A","186672","449870","11500","11500591","201506"
"12550","강서로45라길","185365","450045","11500","11500611","201506"
"12551","강서로_D","185485","449904","11500","11500611","201506"
"12552","올림픽로_B","211304","450372","11740","11740580","201506"
"12697","올림픽로80길","211328","449221","11740","11740610","201506"
"12700","","205493","449046","11200","11200690","201506"
"12702","목동중앙남로11길","188058","448834","11470","11470540","201506"
"12704","천중로52길","212735","448953","11740","11740685","201506"
"12705","올림픽로_I","210862","449038","11740","11740610","201506"
"12708","녹사평대로","198967","448726","11170","11170660","201506"
"12709","","205699","448999","11215","11215847","201506"
"12091","공릉로2길","206935","456962","11260","11260620","201506"
"12156","동일로_Q","206839","456500","11260","11260630","201506"
"12157","도봉로_S","202569","456656","11290","11290685","201506"
"12611","아차산로7길_A","204780","449595","11200","11200690","201506"
"12711","까치산로4길","186224","449185","11500","11500590","201506"
"12712","동일로24길","205975","449292","11215","11215710","201506"
"12714","목동중앙본로7길","188244","448882","11470","11470540","201506"
"12766","강서로18길","186503","448340","11500","11500593","201506"
"12768","곰달래로5길","185231","448046","11470","11470560","201506"
"12769","한강대로52길","197597","448054","11170","11170625","201506"
"12169","용마산로115길_B","208478","455355","11260","11260655","201506"
"12171","이문로30길_B","205476","455213","11230","11230740","201506"
"12172","종암로19길","202992","455431","11290","11290705","201506"
"12175","망우로_B","208389","455535","11260","11260580","201506"
"12176","망우로_C","208638","455582","11260","11260655","201506"
"12178","망우로62길","208737","455313","11260","11260655","201506"
"12181","중랑역로_F","206767","455484","11260","11260610","201506"
"12436","청계천로12가길","203233","452356","11200","11200540","201506"
"12437","마장로9길","201786","452235","11140","11140670","201506"
"12440","수색로_B","192603","452224","11410","11410690","201506"
"12441","마장로31길","203410","452208","11200","11200540","201506"
"12397","방화동로_C","183081","451550","11500","11500640","201506"
"12398","장한로_B","206112","451906","11230","11230650","201506"
"12399","퇴계로87길_A","201792","451912","11140","11140670","201506"
"12400","다산로35길","201232","451633","11140","11140615","201506"
"12401","퇴계로86길","201685","451495","11140","11140665","201506"
"12732","연무장길","204871","449197","11200","11200670","201506"
"12733","화곡로_K","185450","448891","11500","11500540","201506"
"12734","한림말3길","201473","449200","11200","11200645","201506"
"12735","양재대로124길","212710","449232","11740","11740685","201506"
"12737","한강대로62나길","197759","448275","11170","11170625","201506"
"12738","강서로17길","186280","448183","11500","11500540","201506"
"12595","강서로_F","185486","450348","11500","11500611","201506"
"12597","천호대로112길","207233","450627","11215","11215780","201506"
"12599","백범로_A","194403","450326","11440","11440600","201506"
"11947","당산로44길","191269","448084","11560","11560560","201506"
"11948","동일로242길","205010","463934","11350","11350630","201506"
"12656","독서당로_C","202048","449925","11200","11200615","201506"
"12657","장터길_B","201809","449925","11200","11200615","201506"
"12658","상암로61길","213543","449904","11740","11740540","201506"
"12659","마포대로14길","196118","450010","11440","11440565","201506"
"12661","올림픽로92길","211378","449844","11740","11740610","201506"
"12662","독막로8길","192770","449749","11440","11440680","201506"
"12663","마포대로12길","196004","449809","11440","11440555","201506"
"12727","구천면로_D","211654","449157","11740","11740620","201506"
"12730","화곡로13길","185244","449035","11470","11470600","201506"
"11975","한글비석로_B","206198","462325","11350","11350670","201506"
"11978","한글비석로_D","205971","462743","11350","11350670","201506"
"11979","도당로27길","203657","463341","11320","11320690","201506"
"11981","방학로10길","203032","462743","11320","11320700","201506"
"11982","도당로_A","203278","462791","11320","11320690","201506"
"11983","도봉로156길","203974","463595","11320","11320522","201506"
"11984","도봉로145길","203668","462804","11320","11320690","201506"
"11992","도봉로150길","203892","463030","11320","11320690","201506"
"11949","동일로_A","204944","464247","11350","11350630","201506"
"11950","동일로_B","204819","464224","11350","11350630","201506"
"11953","도봉로_A","203803","463702","11320","11320521","201506"
"11954","동일로_C","204780","463969","11350","11350630","201506"
"11956","동일로242가길","204967","464104","11350","11350630","201506"
"11957","도봉로181길_A","203849","465051","11320","11320521","201506"
"11958","도봉로181길_B","203927","464905","11320","11320521","201506"
"11963","한글비석로20길_A","206519","462257","11350","11350624","201506"
"12185","망우로_E","208753","455651","11260","11260680","201506"
"12186","종암로_B","203071","455594","11290","11290705","201506"
"12286","창덕궁1길","198947","453346","11110","11110600","201506"
"12287","율곡로3길","198538","453213","11110","11110540","201506"
"12288","안암로_C","202535","453700","11290","11290600","201506"
"12290","북촌로5가길","198360","453477","11110","11110540","201506"
"12291","사가정로_A","207648","453548","11260","11260575","201506"
"12292","자하문로9길","197344","453292","11110","11110530","201506"
"12294","면목로_G","207722","453225","11260","11260570","201506"
"12600","양재대로128길","212761","449456","11740","11740685","201506"
"12602","능동로15길","206298","449611","11215","11215710","201506"
"12603","청파로_C","197346","449365","11170","11170555","201506"
"12506","다산로_E","201033","450967","11140","11140625","201506"
"12508","월드컵로_G","191797","451240","11440","11440720","201506"
"12510","장한로2길","206096","451351","11230","11230650","201506"
"12511","화곡로63길","186382","451029","11500","11500535","201506"
"12512","행당로17길","202850","451082","11200","11200560","201506"
"12516","양화로23길","193431","451085","11440","11440660","201506"
"12024","노해로85길","205815","461873","11350","11350640","201506"
"12025","노해로63길","204012","461545","11320","11320515","201506"
"12026","삼양로144길","201210","461332","11320","11320660","201506"
"12029","도봉로71길","201915","459128","11305","11305610","201506"
"12030","도봉로67길_A","202046","458954","11305","11305535","201506"
"12059","동일로180길","206724","458145","11350","11350595","201506"
"12062","연서로29길","192682","457856","11380","11380551","201506"
"12063","갈현로_A","192511","457806","11380","11380552","201506"
"12066","갈현로_B","192559","457707","11380","11380552","201506"
"12067","통일로_A","193251","457727","11380","11380530","201506"
"12403","퇴계로83길","201615","451958","11140","11140670","201506"
"12404","아리수로93길","215285","451769","11740","11740515","201506"
"12405","퇴계로88길","201847","451591","11140","11140650","201506"
"12408","천호대로_B","204982","451524","11200","11200790","201506"
"12409","용답19길","204575","451638","11200","11200790","201506"
"12273","망우로32길","206851","454674","11260","11260520","201506"
"12275","봉우재로43길","207908","454979","11260","11260590","201506"
"12276","봉우재로33길_B","207887","455122","11260","11260590","201506"
"12277","세검정로1길","194920","454749","11410","11410660","201506"
"12278","면목로_D","207730","453639","11260","11260575","201506"
"12761","등촌로_F","187903","447896","11500","11500570","201506"
"12762","이태원로_B","199813","448245","11170","11170685","201506"
"12763","곰달래로13길_B","185535","448045","11470","11470560","201506"
"12764","이태원로19길","199400","448444","11170","11170650","201506"
"12947","선유로_C","190215","447220","11560","11560610","201506"
"12948","영등포로5길","189799","447189","11560","11560610","201506"
"12950","오목로54길","188726","447162","11470","11470510","201506"
"12951","신목로_B","188974","446941","11470","11470630","201506"
"12969","노량진로12길","194504","445855","11590","11590520","201506"
"12971","도신로","192799","445932","11560","11560630","201506"
"11964","상계로23다길","206077","462136","11350","11350640","201506"
"12003","도봉로_G","203007","460754","11320","11320511","201506"
"12005","도봉로113길","202886","460959","11320","11320680","201506"
"12014","도봉로_H","203023","461038","11320","11320680","201506"
"12015","노해로_A","205755","461780","11350","11350640","201506"
"12017","노해로65길","204051","461335","11320","11320515","201506"
"12070","통일로87길","192838","458157","11380","11380551","201506"
"12237","응암로4길","192740","454162","11380","11380600","201506"
"12238","성북로","200400","454377","11290","11290525","201506"
"12240","면목로74길","207894","454467","11260","11260565","201506"
"12241","안암로_B","203056","454188","11230","11230545","201506"
"12242","겸재로_A","208102","454347","11260","11260565","201506"
"12247","용마산로_B","208548","454239","11260","11260575","201506"
"12248","망우로21길","205353","454527","11230","11230720","201506"
"12279","명지대길","193312","453622","11410","11410685","201506"
"12283","면목로_E","207754","453732","11260","11260575","201506"
"12223","보문로_C","201572","454349","11290","11290555","201506"
"12224","봉우재로14길","206924","454388","11260","11260520","201506"
"12227","상봉로11길","208131","454521","11260","11260565","201506"
"12228","보문로30길","201750","454562","11290","11290575","201506"
"12484","신촌로_B","195369","450755","11440","11440610","201506"
"12485","용마산로_F","207851","450722","11215","11215770","201506"
"12488","월드컵로_D","192060","450576","11440","11440690","201506"
"12491","공항대로_D","187301","450705","11500","11500520","201506"
"12443","연희맛로_B","193758","452023","11410","11410615","201506"
"12444","전농로_B","204925","452004","11230","11230600","201506"
"12446","청계천로","201599","452445","11110","11110710","201506"
"12534","공항대로41길_C","186452","451255","11500","11500535","201506"
"12536","화곡로68길","187474","450969","11500","11500520","201506"
"12537","월드컵로25길_B","191723","451020","11440","11440700","201506"
"12032","도봉로_K","202204","459200","11305","11305535","201506"
"12033","도봉로_L","202134","458868","11305","11305535","201506"
"12034","도봉로67길_B","201943","458926","11305","11305534","201506"
"12035","도봉로77길","201898","459328","11305","11305610","201506"
"12039","도봉로_M","202039","459167","11305","11305610","201506"
"12251","면목로_C","207502","454894","11260","11260590","201506"
"12253","인왕시장길_A","194945","454565","11410","11410640","201506"
"12254","망우로_H","207207","454979","11260","11260590","201506"
"12255","동소문로_G","201248","454768","11290","11290575","201506"
"12257","망우로30길","206613","454695","11260","11260520","201506"
"12258","동소문로_H","201640","455040","11290","11290575","201506"
"12260","회기로_E","204829","454639","11230","11230710","201506"
"12263","인왕시장길_B","195106","454623","11410","11410640","201506"
"12295","왕산로33길","203648","453438","11230","11230545","201506"
"12298","사가정로_B","208029","453502","11260","11260575","201506"
"12299","계동길","198783","453453","11110","11110600","201506"
"12475","월드컵로_C","191959","450706","11440","11440690","201506"
"12476","월드컵북로5나길","192628","450771","11440","11440660","201506"
"12477","망원로","191691","450770","11440","11440690","201506"
"12478","신촌로4길","193630","450919","11440","11440660","201506"
"12479","숭문길","195283","450646","11440","11440610","201506"
"12480","천호대로111길","207239","450889","11215","11215750","201506"
"12517","월드컵북로_C","192770","450841","11440","11440660","201506"
"12518","퇴계로20길","198732","450926","11140","11140550","201506"
"12519","월드컵북로6길_B","192943","451024","11440","11440710","201506"
"12520","월드컵로25길_A","191636","450970","11440","11440700","201506"
"12521","공항대로41길_A","186389","451137","11500","11500535","201506"
"12523","공항대로41길_B","186378","451213","11500","11500535","201506"
"12524","용마산로_G","207593","451492","11215","11215750","201506"
"12527","마조로","203554","451345","11200","11200550","201506"
"12528","동교로27길","193096","451153","11440","11440710","201506"
"12529","연희로_D","193429","451232","11440","11440710","201506"
"11993","도당로13길_A","203101","462974","11320","11320700","201506"
"11994","도봉로_D","203692","462944","11320","11320690","201506"
"11995","도당로13길_B","203216","462884","11320","11320700","201506"
"11998","도봉로109길","202836","460732","11320","11320680","201506"
"12000","도봉로114길","203204","460904","11320","11320511","201506"
"12001","도봉로_E","202909","460850","11320","11320680","201506"
"12071","동일로_L","206633","457990","11350","11350595","201506"
"12072","통일로83길","192755","457921","11380","11380551","201506"
"12073","동일로_M","206485","457956","11350","11350595","201506"
"12074","솔샘로67길","202342","458159","11305","11305555","201506"
"12075","공릉로_B","206841","458560","11350","11350600","201506"
"12264","이문로","205300","455029","11230","11230740","201506"
"12218","동소문로_D","200659","454450","11290","11290555","201506"
"12222","보문로_B","201244","454555","11290","11290555","201506"
"12710","아차산로51길","207481","448937","11215","11215850","201506"
"12665","아차산로78길","209632","449885","11215","11215810","201506"
"12092","한천로78길","205649","457077","11290","11290810","201506"
"12093","서오릉로_A","192589","457083","11380","11380552","201506"
"12094","월계로7길","202968","457015","11305","11305545","201506"
"12097","연서로_B","192776","457049","11380","11380570","201506"
"12098","장위로38길","204529","456942","11290","11290770","201506"
"12346","수색로2길","192566","452352","11410","11410690","201506"
"12347","마장로37길","203686","452409","11200","11200540","201506"
"12617","청파로47길_A","197229","449476","11170","11170555","201506"
"12621","","206072","449736","11215","11215710","201506"
"12624","아차산로_A","204778","449442","11200","11200690","201506"
"12625","상원길","204329","449745","11200","11200660","201506"
"12566","자양로45길","208095","450289","11215","11215860","201506"
"12567","천호대로_G","208001","450235","11215","11215860","201506"
"12569","동호로7길","200934","450325","11140","11140635","201506"
"12570","후암로_A","197935","450001","11170","11170510","201506"
"12571","후암로_B","198086","450024","11170","11170510","201506"
"12779","녹사평대로26길","199342","448067","11170","11170650","201506"
"12827","가로공원로76길_B","185743","448243","11500","11500540","201506"
"12828","화곡로4길","184842","448700","11470","11470600","201506"
"12831","양재대로_F","212014","447828","11740","11740660","201506"
"12832","영중로_A","191709","447563","11560","11560535","201506"
"12102","월계로7나길","202864","456973","11305","11305545","201506"
"12103","동일로_O","206782","456818","11260","11260630","201506"
"12229","응암로13길_A","192500","454364","11380","11380600","201506"
"12230","동소문로6길","200666","454324","11290","11290555","201506"
"12231","응암로_A","192555","454231","11380","11380600","201506"
"12390","다산로36길","201465","451455","11140","11140665","201506"
"12393","용답중앙15길","204742","451559","11200","11200790","201506"
"12395","천호대로87길","205988","451520","11230","11230650","201506"
"12396","왕십리로_B","202737","451482","11200","11200520","201506"
"12318","왕산로_A","204313","453838","11230","11230705","201506"
"12319","수색로_A","190708","453770","11380","11380650","201506"
"12449","방화동로_G","183410","451562","11500","11500620","201506"
"12451","장한로24길","206312","452164","11230","11230660","201506"
"12454","고산자로24길","203525","452285","11200","11200540","201506"
"12614","양재대로_C","212572","449760","11740","11740600","201506"
"12615","광나루로_B","207648","449383","11215","11215850","201506"
"12616","백범로_B","195105","449609","11440","11440610","201506"
"12668","성수일로12길","204679","449759","11200","11200690","201506"
"12672","백범로_D","194626","449843","11440","11440630","201506"
"12674","마포대로8길","195971","449680","11440","11440555","201506"
"12675","양화로_B","192317","449818","11440","11440680","201506"
"12677","화곡로_F","186443","449730","11500","11500590","201506"
"12777","천호옛14길","211095","448507","11740","11740650","201506"
"12778","자양로_A","207387","448341","11215","11215820","201506"
"12120","공릉로_E","207054","457428","11260","11260620","201506"
"12121","연서로27길","192721","457523","11380","11380552","201506"
"12123","솔샘로64길","202503","457396","11305","11305555","201506"
"12124","석계로9길","205583","457456","11350","11350560","201506"
"12130","중랑역로_B","206882","456117","11260","11260610","201506"
"12044","도봉로_N","202652","460196","11305","11305590","201506"
"12320","개운사길_A","202621","454139","11290","11290600","201506"
"12338","영천시장길","196466","452384","11410","11410520","201506"
"12339","사직로8길","197273","452800","11110","11110530","201506"
"12341","장한로_A","206408","452986","11230","11230660","201506"
"12342","답십리로_A","206113","452636","11230","11230660","201506"
"12343","창신길","200897","452631","11110","11110680","201506"
"12270","동소문로28길","201736","454909","11290","11290575","201506"
"12271","동소문로_I","201068","454750","11290","11290555","201506"
"12272","봉우재로33길_A","207707","454939","11260","11260590","201506"
"12324","인촌로24길","202591","453806","11290","11290600","201506"
"12325","안암로_D","202742","453943","11290","11290600","201506"
"12329","수색로4가길","192463","452378","11410","11410690","201506"
"12332","금낭화로_C","183298","452373","11500","11500640","201506"
"12586","고덕로_C","212018","450516","11740","11740570","201506"
"12588","동호로_A","201077","450480","11140","11140635","201506"
"12590","공항대로_H","188144","450207","11500","11500510","201506"
"12591","양천로_K","188111","450447","11500","11500520","201506"
"12592","상일로_B","215475","450224","11740","11740515","201506"
"12628","원효로_A","197180","449048","11170","11170560","201506"
"12795","이태원로54길","200117","448518","11170","11170685","201506"
"12852","당산로31길","190705","447559","11560","11560550","201506"
"12853","양재대로89길","211715","447524","11740","11740660","201506"
"12047","노해로11길","201923","459880","11305","11305630","201506"
"12048","도봉로_O","202542","460026","11305","11305590","201506"
"12050","노해로17길","201887","460116","11305","11305630","201506"
"13232","상도로_N","195747","444191","11590","11590530","201506"
"13233","논현로72길","203579","443992","11680","11680650","201506"
"13236","삼성로57길","205219","444240","11680","11680600","201506"
"13547","고척로_C","186750","444716","11530","11530730","201506"
"13550","사가정로25길","206278","453366","11230","11230660","201506"
"13551","영화사로_D","208006","450900","11215","11215770","201506"
"13553","도곡로_F","203269","443631","11680","11680640","201506"
"13554","휘경로3길","205558","455168","11230","11230740","201506"
"13473","독산로_C","191378","440864","11545","11545640","201506"
"13475","신림로_B","194248","441426","11620","11620665","201506"
"13477","마방로2길","203574","441167","11650","11650652","201506"
"13478","동산로_B","203822","441203","11650","11650652","201506"
"13479","신림로_C","194188","441186","11620","11620735","201506"
"13480","가산로_B","190662","441430","11545","11545610","201506"
"13481","시흥대로122길","191115","441134","11545","11545640","201506"
"12988","도산대로30길","202685","446466","11680","11680531","201506"
"12990","올림픽로35길_A","208889","446559","11710","11710710","201506"
"12992","도림로_A","190534","446147","11560","11560605","201506"
"12993","올림픽로35길_B","209134","446738","11710","11710710","201506"
"13231","마천로41길_B","213165","444158","11710","11710550","201506"
"13112","오금로35길","211252","445307","11710","11710570","201506"
"13452","낙성대로","196295","442024","11620","11620585","201506"
"13453","바우뫼로_B","203577","442324","11650","11650651","201506"
"13240","선릉로_C","204574","444197","11680","11680650","201506"
"13241","개봉로23가길","187499","443986","11530","11530740","201506"
"13242","거마로20길","213144","444280","11710","11710550","201506"
"13243","대림로27가길","191010","444056","11560","11560720","201506"
"13245","마천로41길_C","213304","444119","11710","11710540","201506"
"13247","디지털로31길","190325","443237","11530","11530540","201506"
"13250","신대방1가길","191729","443178","11590","11590670","201506"
"13469","신림로11길","194553","441038","11620","11620735","201506"
"13470","동산로_A","204071","441334","11650","11650652","201506"
"13471","강남대로18길","203525","441445","11650","11650652","201506"
"13587","논현로_E","202488","446316","11680","11680521","201506"
"13588","신월로_G","186014","446426","11470","11470610","201506"
"13589","백제고분로_K","209711","445496","11710","11710580","201506"
"13591","새말로_B","211339","442566","11710","11710646","201506"
"13493","금하로_A","191530","439424","11545","11545670","201506"
"13495","금하로24길","191895","438979","11545","11545710","201506"
"13204","중대로12길","210920","443757","11710","11710620","201506"
"13205","오금로46길_B","211861","444058","11710","11710632","201506"
"13206","방배로42길","199113","443908","11650","11650590","201506"
"13207","개봉로20길","187384","443355","11530","11530760","201506"
"13208","상도로61길","196230","443884","11590","11590530","201506"
"13209","마천로_B","213450","443963","11710","11710540","201506"
"13212","마천로41길_A","213267","444222","11710","11710550","201506"
"13213","대림로29길","190824","443903","11560","11560720","201506"
"13216","대림로_D","191077","443950","11560","11560720","201506"
"13441","시흥대로153길","190606","441942","11545","11545510","201506"
"13444","개포로22길","204360","441971","11680","11680690","201506"
"13445","남부순환로_R","197950","441994","11590","11590620","201506"
"13448","가산로_A","190509","442075","11545","11545510","201506"
"13450","개포로15길","204030","442252","11680","11680690","201506"
"13451","시흥대로151길","190909","441858","11545","11545610","201506"
"13497","시흥대로50길","191504","439108","11545","11545670","201506"
"13499","금하로25길","192004","439150","11545","11545710","201506"
"13043","신반포로43길","201528","445772","11650","11650540","201506"
"12786","명일로_B","212880","448709","11740","11740685","201506"
"13557","면목로48길","207990","453626","11260","11260575","201506"
"13563","한글비석로52길","205878","462868","11350","11350670","201506"
"13567","녹사평대로54길","198949","448879","11170","11170660","201506"
"12972","노량진로","194235","445873","11590","11590520","201506"
"12974","오금로11길","209929","446291","11710","11710562","201506"
"12975","영등포로_G","193030","445927","11560","11560630","201506"
"12858","신정중앙로_B","187694","447556","11470","11470650","201506"
"12859","한강대로15길","196800","447456","11170","11170625","201506"
"12864","성안로_D","211930","448094","11740","11740660","201506"
"12866","당산로36길","191066","447694","11560","11560560","201506"
"13217","서초중앙로24길","201604","444107","11650","11650531","201506"
"13222","중대로9길","210488","444237","11710","11710620","201506"
"13223","경인로_D","185837","443959","11530","11530770","201506"
"13224","오금로_B","211974","444179","11710","11710632","201506"
"13225","역삼로_E","203748","444099","11680","11680650","201506"
"13227","구일로10길","188820","443931","11530","11530520","201506"
"13228","동작대로","198572","444064","11650","11650590","201506"
"13229","서래로_D","199758","444178","11650","11650581","201506"
"13594","강서로_M","185593","449376","11500","11500560","201506"
"12868","압구정로29길_A","202530","448078","11680","11680545","201506"
"12870","성내로_B","210927","447925","11740","11740640","201506"
"12871","곰달래로_D","187093","447907","11500","11500550","201506"
"12874","강서로_K","186431","447834","11500","11500540","201506"
"12952","신월로_F","187970","447143","11470","11470650","201506"
"12955","언주로159길","202776","447210","11680","11680545","201506"
"12956","양산로_B","190963","447214","11560","11560550","201506"
"12957","신목로2길","189123","447128","11470","11470510","201506"
"13000","백제고분로41길_A","209397","445528","11710","11710580","201506"
"13001","양재대로72길","211408","445465","11710","11710570","201506"
"13002","위례성대로20길","211214","445527","11710","11710570","201506"
"13003","언주로108길","203659","445370","11680","11680640","201506"
"13004","흑석로_A","196438","445382","11590","11590605","201506"
"13005","서달로","196744","445317","11590","11590605","201506"
"13006","신길로_A","192042","445313","11560","11560650","201506"
"13009","장승배기로_B","194774","445391","11590","11590520","201506"
"13199","오류로8길_A","186272","443761","11530","11530780","201506"
"13202","오류로8길_B","186166","443667","11530","11530780","201506"
"13251","대림로_E","192064","443202","11590","11590670","201506"
"13253","서초대로25길","199482","443243","11650","11650621","201506"
"13254","개포로_B","206055","443295","11680","11680670","201506"
"13255","양재대로55길","207679","443517","11680","11680730","201506"
"13256","동남로_C","211186","443422","11710","11710641","201506"
"13363","디지털로_A","190457","442285","11530","11530595","201506"
"13284","신대방길","192013","443482","11590","11590670","201506"
"13286","구로동로26길_B","190208","443442","11530","11530550","201506"
"13287","방배로_C","199272","443588","11650","11650621","201506"
"13596","백제고분로45길","209632","445685","11710","11710580","201506"
"13597","망우로_J","205404","454397","11230","11230730","201506"
"13598","역삼로_F","205286","444933","11680","11680610","201506"
"13601","통일로_M","195268","454321","11410","11410655","201506"
"13602","언주로97길","203448","445137","11680","11680640","201506"
"13603","보문로38길","201254","454699","11290","11290555","201506"
"13604","도곡로77길","205104","444439","11680","11680630","201506"
"13516","등촌로_G","187882","450124","11500","11500530","201506"
"12055","덕릉로_D","203423","459899","11320","11320513","2015"
"13409","봉천로_D","195137","442663","11620","11620605","2015"
"12057","노해로_C","202089","460392","11305","11305630","2015"
"12037","수유로","201927","459530","11305","11305660","2015"
"12107","연서로_C","192610","456844","11380","11380560","2015"
"12038","노해로_B","201974","459702","11305","11305630","2015"
"12872","영중로_B","191602","447686","11560","11560535","2015"
"12250","망우로_G","207420","455092","11260","11260590","2015"
"13574","화곡로_M","186030","449138","11500","11500590","2015"
"13051","가락로_A","209992","444940","11710","11710580","2015"
"12356","양천로_C","183489","452751","11500","11500630","2015"
"12954","언주로_A","202888","447250","11680","11680545","2015"
"13569","서오릉로_H","192709","456724","11380","11380625","2015"
"12359","전농로15길","205016","453113","11230","11230560","2015"
"12256","용마산로_C","208848","454973","11260","11260660","2015"
"13571","강서로_L","186456","447965","11500","11500540","2015"
"13289","도림로_D","190587","443575","11530","11530550","2015"
"12259","통일로_G","194912","454437","11410","11410620","2015"
"12575","와우산로_B","193593","450377","11440","11440655","2015"
"13090","상도로_G","195211","444990","11590","11590540","2015"
"12262","동일로_W","207004","454793","11260","11260590","2015"
"13576","목동동로_C","189917","448527","11470","11470550","2015"
"13292","오금로_D","212874","443655","11710","11710532","2015"
"12296","약령중앙로_A","203219","453551","11230","11230545","2015"
"12297","금낭화로_A","183422","453119","11500","11500641","2015"
"13293","도림로_E","190450","443426","11530","11530550","2015"
"13179","신반포로_E","198916","444745","11650","11650550","2015"
"13295","구로중앙로_A","190549","443706","11530","11530550","2015"
"13282","중대로","210249","443543","11710","11710642","2015"
"13297","오금로_E","212641","443770","11710","11710531","2015"
"12855","오목로_D","188733","447334","11470","11470510","2015"
"13011","흑석로_B","196357","445352","11590","11590605","2015"
"13298","사임당로","202261","443624","11650","11650520","2015"
"13200","도림로_C","191069","443773","11560","11560710","2015"
"12481","굴레방로","196060","450779","11440","11440555","2015"
"12482","우장산로","185717","450615","11500","11500615","2015"
"12785","이태원로_C","200042","448569","11170","11170685","2015"
"12787","남부순환로_A","184696","448624","11470","11470580","2015"
"12788","아차산로_E","207491","448525","11215","11215830","2015"
"13201","방배로_A","199187","443787","11650","11650590","2015"
"13580","왕산로_B","203139","453217","11230","11230545","2015"
"13583","대림로_G","191647","443433","11560","11560700","2015"
"12794","한강대로_B","197613","448605","11170","11170625","2015"
"12108","월계로_B","202931","456713","11290","11290715","2015"
"12109","숙선옹주로","207067","457262","11260","11260620","2015"
"13490","은행나무로","191508","438934","11545","11545670","2015"
"13032","올림픽로_L","207390","445844","11710","11710670","2015"
"12112","중랑역로_A","206852","457473","11260","11260620","2015"
"12522","왕십리로_D","203216","451217","11200","11200560","2015"
"13535","석촌호수로_I","207686","445441","11710","11710650","2015"
"12115","갈현로_C","192201","457254","11380","11380552","2015"
"13338","은천로_A","195403","442974","11620","11620615","2015"
"12117","화랑로_A","206782","457662","11350","11350595","2015"
"12525","청파로_B","197019","451155","11140","11140680","2015"
"12119","공릉로_D","206941","457380","11260","11260620","2015"
"13033","올림픽로_M","208281","445735","11710","11710680","2015"
"12797","아차산로_F","206881","448779","11215","11215820","2015"
"13364","남부순환로_G","191390","442167","11545","11545630","2015"
"13366","남부순환로_H","196202","442321","11620","11620575","2015"
"12921","신월로_C","187724","446925","11470","11470620","2015"
"12922","양재대로_H","212034","447225","11740","11740690","2015"
"12648","공항대로_I","189004","449688","11470","11470520","2015"
"12803","자양로_B","207284","448739","11215","11215820","2015"
"11997","동일로_G","205492","461107","11350","11350695","2015"
"13288","동광로_B","198987","443694","11650","11650590","2015"
"13595","올림픽로_O","208288","445918","11710","11710680","2015"
"12923","오목로_E","188553","447239","11470","11470510","2015"
"13344","양녕로","195411","443136","11620","11620565","2015"
"13068","역삼로_B","205404","444829","11680","11680610","2015"
"12307","거북골로_B","193418","453606","11410","11410685","2015"
"13599","봉천로_E","196921","441849","11620","11620625","2015"
"13600","남부순환로_W","196583","442135","11620","11620575","2015"
"13302","조원로_A","191428","442651","11620","11620725","2015"
"12312","사가정로_C","207935","453399","11260","11260570","2015"
"13345","구로동로_F","189831","443014","11530","11530530","2015"
"12265","망우로_I","206605","454997","11260","11260610","2015"
"12315","보문로_E","201688","453846","11290","11290610","2015"
"12364","증가로_A","193200","453143","11410","11410700","2015"
"12217","면목로_B","207629","454487","11260","11260565","2015"
"13304","시흥대로_D","191453","442751","11620","11620725","2015"
"12219","회기로_B","204960","454430","11230","11230720","2015"
"13037","석촌호수로_A","207618","445714","11710","11710680","2015"
"13024","흑석로_D","196677","445447","11590","11590605","2015"
"12664","목동중앙본로","188533","449635","11470","11470520","2015"
"13166","삼성로_E","205144","444702","11680","11680630","2015"
"12466","영화사로_B","207855","451010","11215","11215770","2015"
"12467","능동로_C","206983","451019","11215","11215740","2015"
"12469","공항대로_B","186813","450848","11500","11500535","2015"
"12666","독막로_B","193047","449717","11440","11440655","2015"
"12667","구천면로_B","211907","449902","11740","11740570","2015"
"12472","공항대로_C","187084","450542","11500","11500591","2015"
"12021","동일로_K","205327","461529","11350","11350695","2015"
"12538","청구로","201109","451168","11140","11140625","2015"
"12772","강서로_J","186359","448032","11500","11500540","2015"
"12773","목동동로_A","189063","448056","11470","11470550","2015"
"12682","목동중앙북로","188763","449692","11470","11470520","2015"
"12095","서오릉로_B","192802","456859","11380","11380570","2015"
"12876","자양번영로_A","206751","448036","11215","11215830","2015"
"13388","관악로_C","195829","442627","11620","11620615","2015"
"12345","서울시립대로","204178","452796","11230","11230560","2015"
"12905","선유로_B","190338","446757","11560","11560605","2015"
"13117","가락로_C","209004","444407","11710","11710600","2015"
"12348","하정로","202452","452902","11230","11230536","2015"
"12087","공릉로_C","206726","458888","11350","11350600","2015"
"12212","보문로_A","201421","454337","11290","11290555","2015"
"12132","서오릉로_E","193418","455855","11380","11380510","2015"
"12619","화곡로_D","186263","449398","11500","11500590","2015"
"12620","화곡로_E","186161","449290","11500","11500590","2015"
"12136","동소문로_A","201930","455908","11290","11290660","2015"
"12942","목동서로_B","188471","446831","11470","11470670","2015"
"12622","마포대로","195575","449563","11440","11440555","2015"
"13631","도봉로_T","202507","458197","11305","11305545","2015"
"12337","통일로_J","196585","452311","11410","11410520","2015"
"12421","동교로","193410","451387","11440","11440710","2015"
"12626","능동로_E","206454","449599","11215","11215710","2015"
"13197","거마로_B","212864","443827","11710","11710532","2015"
"12235","삼선교로_B","200526","454219","11290","11290555","2015"
"13244","동남로_B","211603","444118","11710","11710632","2015"
"13632","오목로_H","188852","447216","11470","11470510","2015"
"12426","고산자로_B","203179","451719","11200","11200535","2015"
"12302","홍릉로","203801","453814","11230","11230545","2015"
"13325","서초대로","198629","442839","11650","11650610","2015"
"13633","자양로_D","208177","450212","11215","11215860","2015"
"13077","석촌호수로_B","208150","445292","11710","11710610","2015"
"12560","화곡로_B","186603","449984","11500","11500591","2015"
"12430","천호대로_D","204687","451936","11230","11230600","2015"
"12562","양천로_I","188954","450064","11500","11500510","2015"
"12829","보광로_A","199940","447524","11170","11170700","2015"
"12830","오목로_A","187633","447419","11470","11470650","2015"
"12565","양천로_J","188790","450177","11500","11500510","2015"
"12434","난계로17길","201978","452241","11140","11140670","2015"
"12435","연희맛로_A","193928","452045","11410","11410615","2015"
"12833","보광로_B","200051","447533","11170","11170700","2015"
"12100","불광로_A","193959","456781","11380","11380520","2015"
"12837","압구정로","203549","447681","11680","11680545","2015"
"12839","목동로_A","187935","447648","11470","11470650","2015"
"12101","서오릉로_C","192342","457158","11380","11380552","2015"
"12308","고산자로_A","203488","453609","11230","11230545","2015"
"12843","성안로_B","211534","447725","11740","11740640","2015"
"13129","경인로_A","187951","444386","11530","11530720","2015"
"12845","목동서로_A","188603","447508","11470","11470510","2015"
"12105","서오릉로_D","192376","456974","11380","11380560","2015"
"12106","동일로_P","206738","457095","11260","11260630","2015"
"12850","오목로_C","187840","447416","11470","11470650","2015"
"13636","목동동로_D","189524","448555","11470","11470550","2015"
"12644","아차산로_B","209503","449843","11215","11215810","2015"
"12137","은평로_A","193740","455830","11380","11380510","2015"
"12138","동소문로_B","202282","456231","11290","11290685","2015"
"13464","범안로_B","191150","440728","11545","11545620","2015"
"12389","성산로","195085","451643","11410","11410585","2015"
"12646","광나루로_C","206136","449951","11215","11215730","2015"
"12391","긴고랑로_A","207143","451516","11215","11215740","2015"
"12647","독서당로_A","201865","449767","11200","11200620","2015"
"12394","공항대로_A","183369","451188","11500","11500620","2015"
"13637","목동서로_D","189381","448585","11470","11470550","2015"
"13546","서초중앙로","201082","444743","11650","11650560","2015"
"12148","정릉로_B","201092","456156","11290","11290630","2015"
"12316","면목로_J","207836","454259","11260","11260565","2015"
"12304","응암로_D","192031","453299","11410","11410720","2015"
"12305","응암로_E","192333","453569","11410","11410720","2015"
"12931","신월로_D","187460","446865","11470","11470620","2015"
"12158","진흥로_B","193571","456508","11380","11380510","2015"
"13369","남부순환로_I","191688","442394","11620","11620725","2015"
"13370","가산디지털2로","189275","441969","11545","11545510","2015"
"12162","통일로_D","193888","456468","11380","11380510","2015"
"12450","수색로_C","192399","452306","11410","11410690","2015"
"13371","쑥고개로_B","195088","442286","11620","11620595","2015"
"12452","양천로_E","186591","451862","11500","11500603","2015"
"12453","연희로_C","193772","451826","11410","11410615","2015"
"12928","월정로_D","186025","447068","11470","11470590","2015"
"12455","통일로_K","196789","451995","11410","11410520","2015"
"12612","양재대로_B","212712","449766","11740","11740530","2015"
"12388","양천로_D","186885","451445","11500","11500535","2015"
"12613","한강대로_A","197629","449592","11170","11170530","2015"
"12493","청파로_A","197214","450966","11140","11140680","2015"
"12494","영화사로_C","207807","450932","11215","11215770","2015"
"12495","신촌로_C","195099","450743","11440","11440600","2015"
"12882","자양번영로_B","206619","448051","11215","11215840","2015"
"12497","천호대로_F","207104","450892","11215","11215750","2015"
"12498","다산로_C","200964","450758","11140","11140625","2015"
"13416","난곡로_E","192653","441830","11620","11620765","2015"
"12605","청파로_D","197445","449432","11170","11170530","2015"
"13262","동남로_D","210927","443469","11710","11710620","2015"
"12187","은평로_B","193765","455702","11380","11380580","2015"
"12608","상암로_B","212788","449629","11740","11740530","2015"
"12670","백범로_C","194907","449706","11440","11440600","2015"
"12671","올림픽로_G","211291","449971","11740","11740610","2015"
"12687","아차산로_C","208224","448813","11215","11215870","2015"
"13111","상도로_I","194577","444919","11590","11590540","2015"
"12189","종암로_C","202974","455774","11290","11290705","2015"
"12190","연서로_D","192528","455589","11380","11380625","2015"
"12691","성덕정15길","204736","448801","11200","11200670","2015"
"12676","상일로_C","215240","450095","11740","11740520","2015"
"12894","올림픽로_K","209289","446799","11710","11710690","2015"
"12193","동일로_S","207093","455876","11260","11260600","2015"
"12696","성수이로7가길","204876","449004","11200","11200670","2015"
"12194","동일로_T","207119","455661","11260","11260600","2015"
"12150","서오릉로_F","193165","456454","11380","11380570","2015"
"12151","보국문로_B","200905","456644","11290","11290650","2015"
"12152","서오릉로_G","193081","456327","11380","11380625","2015"
"12153","진흥로_A","196295","456362","11110","11110560","2015"
"12195","동일로_U","206964","455660","11260","11260610","2015"
"12155","보국문로_C","200875","456439","11290","11290630","2015"
"12197","중랑역로_G","206812","455676","11260","11260610","2015"
"12089","통일로_B","193773","456948","11380","11380520","2015"
"12122","석계로_B","205721","457376","11350","11350560","2015"
"12198","은평로_D","192946","455506","11380","11380580","2015"
"12499","월드컵로_E","191868","450811","11440","11440690","2015"
"12371","월드컵북로_B","190249","452910","11440","11440740","2015"
"12125","신내로_A","208099","457456","11260","11260690","2015"
"12126","화랑로_B","206509","457612","11350","11350595","2015"
"12128","봉화산로_A","208373","456200","11260","11260690","2015"
"12129","신내로_B","208477","456090","11260","11260680","2015"
"12895","의사당대로_A","193325","446756","11560","11560540","2015"
"12890","선유로_A","190246","446617","11560","11560605","2015"
"12045","한천로_A","202062","460221","11305","11305630","2015"
"12046","섬밭로","205718","459908","11350","11350625","2015"
"12502","포은로_A","191529","450744","11440","11440690","2015"
"12321","통일로_H","195325","453933","11410","11410620","2015"
"12540","긴고랑로_B","207142","451385","11215","11215740","2015"
"12542","양천로_H","187213","451176","11500","11500520","2015"
"12322","성균관로","199805","453980","11110","11110650","2015"
"13434","남부순환로_P","196560","441999","11620","11620585","2015"
"13085","석촌호수로_D","208130","445351","11710","11710680","2015"
"12547","올림픽로_A","211262","450142","11740","11740580","2015"
"12340","월드컵북로_A","191550","452281","11440","11440730","2015"
"12549","강서로_C","185470","450105","11500","11500611","2015"
"12412","능동로_A","207310","451594","11215","11215740","2015"
"12414","퇴계로_B","200767","451722","11140","11140590","2015"
"12415","퇴계로_C","202013","451815","11140","11140670","2015"
"12553","올림픽로_C","211392","450403","11740","11740570","2015"
"12554","상암로_A","211165","450236","11740","11740580","2015"
"12556","고덕로_A","213176","450361","11740","11740530","2015"
"13131","도곡로_B","204985","444348","11680","11680630","2015"
"12698","명일로_A","213008","448929","11740","11740685","2015"
"12699","아차산로_D","208241","448946","11215","11215870","2015"
"12417","면목로_M","207053","451707","11215","11215740","2015"
"12701","올림픽로_H","210968","449217","11740","11740610","2015"
"13618","한글비석로_L","206445","462136","11350","11350624","2015"
"12323","통일로_I","195336","454094","11410","11410655","2015"
"12716","화곡로_H","185850","449037","11500","11500540","2015"
"12706","구의강변로","208414","448959","11215","11215870","2015"
"13331","관악로_B","196125","443026","11620","11620565","2015"
"12328","종로_A","201498","452774","11110","11110700","2015"
"13605","양재대로_K","212662","449987","11740","11740600","2015"
"12267","용마공원로","208951","455088","11260","11260655","2015"
"12330","종로_B","201486","452574","11110","11110710","2015"
"12331","방화동로_A","183402","452297","11500","11500640","2015"
"12610","광나루로_A","206594","449592","11215","11215710","2015"
"12897","신목로_A","188810","446669","11470","11470630","2015"
"12333","무학로_A","202663","452827","11230","11230536","2015"
"12721","화곡로_I","185767","449171","11500","11500560","2015"
"12713","화곡로_G","185455","449025","11500","11500560","2015"
"12587","포은로_B","191755","450484","11440","11440690","2015"
"12715","능동로_F","206387","449439","11215","11215710","2015"
"12722","구천면로_C","211557","449357","11740","11740610","2015"
"12767","강서로_I","186467","448069","11500","11500593","2015"
"12589","고덕로_D","212432","450626","11740","11740590","2015"
"13621","대림로_H","191134","444135","11560","11560720","2015"
"12214","회기로_A","205101","454567","11230","11230720","2015"
"12216","면목로_A","207773","454429","11260","11260565","2015"
"12724","독막로_C","195481","449364","11440","11440610","2015"
"12170","이문로30길_A","205414","455293","11230","11230740","2015"
"12898","이촌로_A","197741","446673","11170","11170630","2015"
"12593","포은로_C","191639","450415","11440","11440690","2015"
"12174","휘경로_A","205368","455151","11230","11230740","2015"
"12627","구천면로_A","211889","449621","11740","11740600","2015"
"13623","면목로_P","207691","454116","11260","11260565","2015"
"13327","신사로","192220","442977","11620","11620725","2015"
"12179","아리랑로_A","201350","455083","11290","11290575","2015"
"12796","천호대로_L","211820","448552","11740","11740620","2015"
"12182","망우로_D","207679","455167","11260","11260590","2015"
"12851","성내로_A","210689","447769","11740","11740640","2015"
"13280","도곡로_E","203321","443493","11680","11680655","2015"
"12438","방화동로_D","183276","451840","11500","11500640","2015"
"12439","연희로_A","193879","451757","11410","11410615","2015"
"13627","의사당대로_B","192862","447347","11560","11560540","2015"
"12041","덕릉로_C","202229","459551","11305","11305590","2015"
"12442","방화동로_E","183504","451937","11500","11500630","2015"
"13266","시흥대로_A","191599","443196","11560","11560710","2015"
"12049","진관3로","193131","460152","11380","11380690","2015"
"13630","관악로_D","196012","442885","11620","11620615","2015"
"13172","신반포로_D","198913","444640","11650","11650550","2015"
"13196","개포로_A","207065","443881","11680","11680740","2015"
"13234","가마산로_B","190209","444078","11530","11530560","2015"
"13235","방배중앙로","198759","444178","11650","11650590","2015"
"11967","덕릉로_A","206575","461977","11350","11350624","2015"
"13092","신반포로_A","200399","445210","11650","11650580","2015"
"12736","당산로_A","191446","448105","11560","11560560","2015"
"12740","독서당로_D","200879","448240","11170","11170685","2015"
"12741","강변역로","208257","448295","11215","11215870","2015"
"12594","천호대로_H","207730","450599","11215","11215750","2015"
"13552","회나무로","198897","448805","11170","11170660","2015"
"12944","선유로24길","190362","447091","11560","11560610","2015"
"12598","면목로_O","206740","450690","11215","11215730","2015"
"11973","방학로_A","202935","462500","11320","11320710","2015"
"13394","남부순환로_L","192733","442496","11620","11620765","2015"
"13135","경인로_B","187446","444159","11530","11530740","2015"
"13476","시흥대로_I","191002","441006","11545","11545640","2015"
"12200","동일로_V","206931","455854","11260","11260610","2015"
"12983","삼성로_C","204535","446472","11680","11680580","2015"
"12202","은평로_E","193387","455677","11380","11380580","2015"
"13398","봉천로_B","195524","442604","11620","11620615","2015"
"13071","가락로_B","210113","444864","11710","11710590","2015"
"12985","선릉로_A","203648","446525","11680","11680565","2015"
"12725","만리재로","195869","449361","11440","11440565","2015"
"12726","양재대로_D","212500","449348","11740","11740600","2015"
"12205","갈현로_E","192153","455502","11380","11380631","2015"
"12989","이촌로_B","197940","446560","11170","11170630","2015"
"12731","광나루로_D","208279","449156","11215","11215870","2015"
"13102","신반포로_B","200661","445307","11650","11650580","2015"
"11977","한글비석로_C","206468","462435","11350","11350670","2015"
"13400","남부순환로_N","192292","442376","11620","11620765","2015"
"13218","사당로_A","196137","443953","11590","11590530","2015"
"11980","도봉로_C","203783","463294","11320","11320690","2015"
"12673","공항대로_J","188981","449777","11500","11500510","2015"
"13502","시흥대로_L","191270","438226","11545","11545690","2015"
"13113","반포대로_A","200126","445260","11650","11650580","2015"
"13114","송파대로","209314","445134","11710","11710600","2015"
"11986","한글비석로_E","205783","462799","11350","11350710","2015"
"11987","도당로_B","203154","462669","11320","11320690","2015"
"11988","동일로_E","205097","462928","11350","11350710","2015"
"11989","동일로_F","205041","462915","11350","11350700","2015"
"11990","마들로","204187","463214","11320","11320690","2015"
"12490","양천로_F","187746","450839","11500","11500520","2015"
"13093","상도로_H","194883","445039","11590","11590540","2015"
"13454","개포로_D","204357","442148","11680","11680690","2015"
"13455","남부순환로_U","196746","442048","11620","11620575","2015"
"13075","상도로_E","194823","445161","11590","11590510","2015"
"11955","동일로_D","204846","464465","11350","11350630","2015"
"12977","신정이펜2로","185061","445752","11470","11470640","2015"
"12978","백제고분로_A","210161","446207","11710","11710562","2015"
"12997","목동동로_B","187784","446250","11470","11470680","2015"
"11959","한글비석로_A","206461","462238","11350","11350624","2015"
"11960","노원로","205864","462038","11350","11350640","2015"
"11961","해등로_A","203166","462123","11320","11320670","2015"
"13402","사당로_D","197938","442636","11590","11590620","2015"
"12184","은평로9길","193068","455780","11380","11380580","2015"
"13246","구로동로_B","189736","443841","11530","11530530","2015"
"12815","이태원로_E","199846","448432","11170","11170685","2015"
"13249","효령로_A","202352","443249","11650","11650520","2015"
"12982","목동서로_C","188060","446379","11470","11470670","2015"
"13106","석촌호수로_G","207885","445351","11710","11710650","2015"
"12984","학동로_B","204095","446585","11680","11680565","2015"
"12821","아차산로_G","206955","448635","11215","11215820","2015"
"13472","호암로","194092","441266","11620","11620745","2015"
"12293","면목로_F","207854","453631","11260","11260575","2015"
"13586","은천로_C","194590","442892","11620","11620605","2015"
"12822","뚝섬로_A","205502","448561","11215","11215847","2015"
"12601","양재대로_A","212646","449471","11740","11740685","2015"
"13320","난곡로_B","192275","442867","11620","11620725","2015"
"13057","고무래로","200862","444883","11650","11650581","2015"
"13143","서래로_C","199744","444404","11650","11650581","2015"
"13592","남부순환로_V","194886","442606","11620","11620605","2015"
"13492","시흥대로_K","191422","438554","11545","11545690","2015"
"13322","효령로_B","201358","442754","11650","11650530","2015"
"13494","독산로_G","191762","439112","11545","11545710","2015"
"12514","성미산로","192015","450924","11440","11440720","2015"
"12515","서소문로","196841","451284","11410","11410565","2015"
"13060","상도로_C","193527","444543","11590","11590660","2015"
"13496","금하로_B","191797","439214","11545","11545700","2015"
"13405","봉천로30길","194306","442862","11620","11620605","2015"
"13324","서운로","202579","442816","11650","11650520","2015"
"12028","도봉로_J","202103","459064","11305","11305610","2015"
"13457","태봉로","202430","440529","11650","11650651","2015"
"13458","시흥대로_G","190834","440665","11545","11545610","2015"
"12031","덕릉로_B","202148","459382","11305","11305535","2015"
"12652","창전로","194066","449660","11440","11440630","2015"
"12060","공릉로_A","206759","457802","11350","11350595","2015"
"13607","군자로","206356","450017","11215","11215730","2015"
"13211","영동대로","206248","444270","11680","11680610","2015"
"12064","솔샘로_A","201720","457744","11305","11305575","2015"
"12065","연서로_A","193122","457869","11380","11380530","2015"
"12654","독막로_A","192534","449860","11440","11440680","2015"
"12655","상암로_E","211326","450078","11740","11740570","2015"
"12069","솔샘로_B","201702","457860","11305","11305534","2015"
"13214","도곡로_D","205012","444188","11680","11680600","2015"
"13215","상도로_M","195936","443935","11590","11590530","2015"
"13460","범안로_A","191185","440873","11545","11545640","2015"
"12407","퇴계로_A","201509","451825","11140","11140615","2015"
"13346","은천로_B","194548","443017","11620","11620525","2015"
"13442","독산로_A","191389","441935","11545","11545630","2015"
"12410","충정로","196805","451536","11410","11410565","2015"
"12411","월드컵로_A","191425","451698","11440","11440730","2015"
"13443","독산로_B","191534","442077","11545","11545630","2015"
"12274","휘경로_B","205464","455034","11230","11230740","2015"
"13521","봉화산로_B","208612","456498","11260","11260680","2015"
"13347","난곡로_C","192409","443029","11620","11620685","2015"
"13446","남부순환로_S","196814","441902","11620","11620625","2015"
"13447","개포로_C","204292","442240","11680","11680690","2015"
"13524","동남로_E","211361","444040","11710","11710632","2015"
"13449","남부순환로_T","196968","441925","11620","11620575","2015"
"13144","경인로_C","187831","444194","11530","11530720","2015"
"13526","와우산로_D","193797","450496","11440","11440655","2015"
"12912","국제금융로","194114","446574","11560","11560540","2015"
"13612","고척로_D","186527","444817","11530","11530740","2015"
"13529","사가정로_E","206126","453310","11230","11230660","2015"
"13530","새창로_B","196495","448533","11170","11170590","2015"
"13555","응암로12길","192764","454338","11380","11380600","2015"
"12970","영등포로_F","193060","446056","11560","11560630","2015"
"13556","회기로_F","204840","454486","11230","11230710","2015"
"12913","중앙로_C","187135","446625","11470","11470620","2015"
"12002","도봉로_F","203138","461043","11320","11320511","2015"
"13558","보문로_F","201804","453913","11290","11290610","2015"
"12004","한글비석로_F","206726","461180","11350","11350621","2015"
"13559","은평터널로","190825","453767","11380","11380650","2015"
"12006","한글비석로_G","206803","461147","11350","11350619","2015"
"12009","동일로_H","205472","460999","11350","11350695","2015"
"12010","동일로_I","205442","461321","11350","11350695","2015"
"12011","한글비석로_H","206738","460963","11350","11350621","2015"
"12012","동일로_J","205400","461250","11350","11350695","2015"
"12013","한글비석로_I","206866","460980","11350","11350619","2015"
"13561","전농로_C","205120","452687","11230","11230610","2015"
"12748","등촌로_E","187928","448055","11500","11500570","2015"
"12016","도봉로_I","203379","461826","11320","11320670","2015"
"13565","백범로_E","195055","449761","11440","11440610","2015"
"12018","한글비석로_J","206755","461305","11350","11350621","2015"
"12019","한글비석로_K","206837","461297","11350","11350619","2015"
"12749","곰달래로_B","186794","448004","11500","11500593","2015"
"13332","천왕로","185771","442752","11530","11530780","2015"
"12973","양재대로_I","211696","446280","11710","11710566","2015"
"12239","회기로_C","204578","454604","11230","11230710","2015"
"13436","시흥대로_F","190986","441832","11545","11545610","2015"
"12961","중앙로_D","186967","447048","11470","11470650","2015"
"12976","위례성대로","210033","446365","11710","11710562","2015"
"12243","회기로_D","204948","454611","11230","11230710","2015"
"12244","응암로14길","192764","454550","11380","11380600","2015"
"12246","겸재로_B","207607","454317","11260","11260565","2015"
"12963","영등포로_E","189773","446965","11560","11560610","2015"
"13356","신원로","193695","442344","11620","11620655","2015"
"12860","목동로_B","188034","447690","11470","11470510","2015"
"12281","응암로_B","192158","453592","11410","11410720","2015"
"12282","거북골로_A","193431","453356","11410","11410685","2015"
"12966","오목로_F","186115","446869","11470","11470590","2015"
"12285","자하문로_A","197556","453448","11110","11110515","2015"
"12865","월정로_B","185702","447691","11470","11470560","2015"
"12967","장승배기로_A","194645","445890","11590","11590520","2015"
"12225","통일로_F","195070","454439","11410","11410640","2015"
"12226","안암로_A","203177","454358","11230","11230545","2015"
"12754","양평로_E","191551","448245","11560","11560560","2015"
"13372","남부순환로_J","195137","442564","11620","11620605","2015"
"13013","오금로31길_A","210924","445490","11710","11710561","2015"
"13358","남부순환로_D","196269","442170","11620","11620585","2015"
"12486","강서로_B","185613","450784","11500","11500611","2015"
"12487","왕십리로_C","203697","450803","11200","11200550","2015"
"13040","올림픽로_N","207664","445829","11710","11710670","2015"
"12489","능동로_D","207242","451166","11215","11215750","2015"
"13203","송이로_B","211067","443818","11710","11710632","2015"
"13017","장승배기로_C","194637","445407","11590","11590520","2015"
"12910","강동대로","211752","447023","11740","11740660","2015"
"13230","삼성로_G","205684","444095","11680","11680610","2015"
"12447","연희로_B","194017","452021","11410","11410615","2015"
"12448","방화동로_F","183409","451942","11500","11500640","2015"
"12531","양천로_G","188047","450886","11500","11500510","2015"
"12532","공항대로_E","186315","450980","11500","11500535","2015"
"12533","공항대로_F","185791","450943","11500","11500615","2015"
"13593","응암로_F","193174","455609","11380","11380580","2015"
"12535","신촌로_D","193666","451026","11410","11410585","2015"
"13019","고척로_A","187470","445149","11530","11530730","2015"
"12867","양재대로_G","212221","448020","11740","11740700","2015"
"13408","구로동로_G","189917","442672","11530","11530595","2015"
"12869","올림픽로_J","210792","448058","11740","11740640","2015"
"13021","흑석로_C","196576","445535","11590","11590605","2015"